Dataset,Notes,Detectability Model,Threshold,Max Score Edges,Peptides Min Detectability,Psi1,Psi2,Spectra Error Rate,False Edges,Proteins,Peptides,Protein Edges,Proteins with Spectra,Proteins Spectra Paths,Target Proteins,Target Proteins associated Spectra,Target Proteins with Spectra,Decoy Proteins,Decoy Proteins associated Spectra,Decoy Proteins with Spectra,Identifiable Proteins Ratio,Score Edges,Peptides with Spectra,True Positives,False Positives,True Negatives,False Negatives,Accuracy,Specificity,Sensitivity,False Negatives Rate,Positive Predictive Value,Negative Predictive Value
old_tests,,1,,,0.0,1,10,0.0,1,24629,41002,483101,17586,110343,198,39562,196,24431,70781,17390,0.0081044574515983,78178,41002,184,34,24397,14,0.9980510779974826,0.9986083254881094,0.9292929292929292,0.0707070707070707,0.8440366972477065,0.999426488058662
old_tests,,1,,,0.0,1,10,0.0,1,24629,33396,483101,15951,89022,198,31442,198,24431,57580,15753,0.0081044574515983,62280,33396,186,27,24404,12,0.9984165008729546,0.9988948467111456,0.9393939393939394,0.0606060606060605,0.8732394366197183,0.999508519003932
old_tests,,1,,,0.0,1,10,0.0,1,24629,34684,483101,16512,90525,200,33160,200,24429,57365,16312,0.0081869908715051,65182,34684,187,31,24398,13,0.9982134881643592,0.9987310164149168,0.935,0.0649999999999999,0.8577981651376146,0.9994674531973292
old_tests,,1,,,0.0,1,10,0.0,1,24629,36578,483101,16854,117044,199,36428,198,24430,80616,16656,0.00814572247237,69174,36578,190,30,24400,9,0.9984165008729546,0.9987720016373312,0.9547738693467336,0.0452261306532663,0.8636363636363636,0.9996312835429556
old_tests,,1,,,0.0,1,10,0.0,1,24629,33499,483101,16147,120538,195,33306,195,24434,87232,15952,0.0079806826553163,63126,33499,178,32,24402,17,0.9980104754557636,0.9986903495129738,0.9128205128205128,0.0871794871794872,0.8476190476190476,0.9993038207952823
old_tests,,1,,,0.0,1,10,0.2,1,24629,31102,483101,15547,81037,196,29590,196,24433,51447,15351,0.0080219375434862,57566,31102,183,50,24383,13,0.997442039871696,0.9979535873613556,0.9336734693877552,0.0663265306122449,0.7854077253218884,0.9994671257583212
old_tests,,1,,,0.0,1,10,0.2,1,24629,34055,483101,16259,132082,198,32358,198,24431,99724,16061,0.0081044574515983,63148,34055,185,65,24366,13,0.9968330017459092,0.9973394457860916,0.9343434343434344,0.0656565656565656,0.74,0.999466754173674
old_tests,,1,,,0.0,1,10,0.2,1,24629,30723,483101,15335,81030,193,29005,193,24436,52025,15142,0.0078981830086757,55878,30723,182,46,24390,11,0.9976856551220108,0.9981175315108856,0.9430051813471504,0.0569948186528497,0.7982456140350878,0.9995491988033276
old_tests,,1,,,0.0,1,10,0.2,1,24629,27295,483101,14536,75708,198,25662,196,24431,50046,14340,0.0081044574515983,49810,27295,185,41,24390,13,0.997807462747168,0.9983218042650732,0.9343434343434344,0.0656565656565656,0.8185840707964602,0.9994672786132852
old_tests,,1,,,0.0,1,10,0.2,1,24629,32495,483101,15911,118562,199,30665,199,24430,87897,15712,0.00814572247237,59788,32495,185,53,24377,14,0.9972796297048196,0.9978305362259516,0.9296482412060302,0.0703517587939698,0.7773109243697479,0.9994260177934484
old_tests,,1,,,0.0,1,10,0.4,1,24629,24946,483101,13703,86132,195,22912,195,24434,63220,13508,0.0079806826553163,44124,24946,180,41,24393,15,0.9977262576637298,0.9983220103134977,0.9230769230769232,0.0769230769230768,0.8144796380090498,0.9993854473942968
old_tests,,1,,,0.0,1,10,0.4,1,24629,25058,483101,13787,60946,196,22333,196,24433,38613,13591,0.0080219375434862,44214,25058,183,47,24386,13,0.9975638474968532,0.9980763721196744,0.9336734693877552,0.0663265306122449,0.7956521739130434,0.9994671912783312
old_tests,,1,,,0.0,1,10,0.4,1,24629,24488,483101,13636,76980,200,22060,200,24429,54920,13436,0.0081869908715051,43680,24488,183,49,24380,17,0.9973202322465388,0.9979941872364811,0.915,0.0849999999999999,0.7887931034482759,0.9993031930155348
old_tests,,1,,,0.0,1,10,0.4,1,24629,27336,483101,14359,70497,200,24515,199,24429,45982,14160,0.0081869908715051,48458,27336,186,46,24383,14,0.9975638474968532,0.9981169920995538,0.93,0.0699999999999999,0.8017241379310345,0.9994261589539698
old_tests,,1,,,0.0,1,10,0.4,1,24629,23056,483101,13304,71520,196,21193,195,24433,50327,13109,0.0080219375434862,40650,23056,181,47,24386,15,0.9974826424134152,0.9980763721196744,0.923469387755102,0.0765306122448979,0.793859649122807,0.999385271095447
old_tests,,1,,,0.0,1,10,0.6,1,24629,22540,483101,12960,65771,196,19392,196,24433,46379,12764,0.0080219375434862,38246,22540,175,45,24388,21,0.9973202322465388,0.99815822862522,0.8928571428571429,0.1071428571428571,0.7954545454545454,0.9991396616002294
old_tests,,1,,,0.0,1,10,0.6,1,24629,18685,483101,11415,42413,200,15960,200,24429,26453,11215,0.0081869908715051,31224,18685,181,37,24392,19,0.9977262576637298,0.9984854066887716,0.905,0.0949999999999999,0.8302752293577982,0.9992216623653272
old_tests,,1,,,0.0,1,10,0.6,1,24629,18568,483101,11481,44337,196,15827,195,24433,28510,11286,0.0080219375434862,31236,18568,176,30,24403,20,0.9979698729140444,0.9987721524168132,0.8979591836734694,0.1020408163265306,0.8543689320388349,0.9991810997829914
old_tests,,1,,,0.0,1,10,0.6,1,24629,19896,483101,11924,60008,198,16830,198,24431,43178,11726,0.0081044574515983,33082,19896,185,34,24397,13,0.9980916805392016,0.9986083254881094,0.9343434343434344,0.0656565656565656,0.8447488584474886,0.9994674313805816
old_tests,,1,,,0.0,1,10,0.6,1,24629,21479,483101,12379,60962,199,20880,199,24430,40082,12180,0.00814572247237,36586,21479,184,31,24399,15,0.9981322830809208,0.9987310683585756,0.9246231155778896,0.0753768844221105,0.8558139534883721,0.999385598427132
old_tests,,1,,,0.0,1,10,0.8,1,24629,12208,483101,8609,31883,198,9573,195,24431,22310,8414,0.0081044574515983,18978,12208,163,23,24408,35,0.9976450525802916,0.9990585731243092,0.8232323232323232,0.1767676767676768,0.8763440860215054,0.998568097205744
old_tests,,1,,,0.0,1,10,0.8,1,24629,12501,483101,8531,29304,196,9773,194,24433,19531,8337,0.0080219375434862,19350,12501,170,24,24409,26,0.9979698729140444,0.9990177219334506,0.8673469387755102,0.1326530612244898,0.8762886597938144,0.9989359525271128
old_tests,,1,,,0.0,1,10,0.8,1,24629,14104,483101,9325,31615,196,11092,195,24433,20523,9130,0.0080219375434862,21930,14104,165,35,24398,31,0.9973202322465388,0.9985675111529488,0.8418367346938775,0.1581632653061224,0.825,0.9987310164149168
old_tests,,1,,,0.0,1,10,0.8,1,24629,13481,483101,9005,31558,196,10644,195,24433,20914,8810,0.0080219375434862,20908,13481,150,35,24398,46,0.996711194120752,0.9985675111529488,0.7653061224489796,0.2346938775510204,0.8108108108108109,0.9981181476026836
old_tests,,1,,,0.0,1,10,0.8,1,24629,13500,483101,9050,31441,195,10662,192,24434,20779,8858,0.0079806826553163,21072,13500,152,37,24397,43,0.996751796662471,0.998485716624376,0.7794871794871795,0.2205128205128205,0.8042328042328042,0.998240589198036
old_tests,,1,,,0.0,1,10,1.0,1,24629,4734,483101,4641,12923,198,4464,161,24431,8459,4480,0.0081044574515983,8732,4734,1,11,24420,197,0.9915546713224248,0.9995497523638,0.005050505050505,0.9949494949494948,0.0833333333333333,0.9919974001706138
old_tests,,1,,,0.0,1,10,1.0,1,24629,4455,483101,4327,10762,197,4150,149,24432,6612,4178,0.0080631958087753,8210,4455,0,12,24420,197,0.9915140687807056,0.99950884086444,0.0,1.0,0.0,0.9919974001706138
old_tests,,1,,,0.0,1,10,1.0,1,24629,4728,483101,4585,13856,199,4728,158,24430,9128,4427,0.00814572247237,8754,4728,2,15,24415,197,0.9913922611555483,0.9993860008186656,0.0100502512562814,0.9899497487437184,0.1176470588235294,0.9919957744189826
old_tests,,1,,,0.0,1,10,1.0,1,24629,3613,483101,3534,9063,198,3325,140,24431,5738,3394,0.0081044574515983,6608,3613,2,13,24418,196,0.9915140687807056,0.9994678891572184,0.0101010101010101,0.98989898989899,0.1333333333333333,0.9920370520841796
old_tests,,1,,,0.0,1,10,1.0,1,24629,3745,483101,3813,9463,199,3469,148,24430,5994,3665,0.00814572247237,6866,3745,0,10,24420,199,0.9915140687807056,0.9995906672124436,0.0,1.0,0.0,0.9919168122182056
old_tests,,1,,,0.8,1,10,0.0,1,24443,38627,386606,15601,95586,197,33229,197,24246,62357,15404,0.0081250515548956,73440,38627,184,31,24215,13,0.998199893630078,0.9987214385878084,0.934010152284264,0.065989847715736,0.8558139534883721,0.9994634307412912
old_tests,,1,,,0.8,1,10,0.0,1,24443,37094,386606,15336,81924,196,32639,196,24247,49285,15140,0.0080834742442364,70034,37094,185,32,24215,11,0.9982408051384856,0.9986802491029818,0.9438775510204082,0.0561224489795918,0.8525345622119815,0.9995459423759596
old_tests,,1,,,0.8,1,10,0.0,1,24443,45470,386606,16727,174462,198,42870,198,24245,131592,16529,0.0081666322953186,87678,45470,190,33,24212,8,0.9983226281553,0.9986388946174468,0.9595959595959596,0.0404040404040404,0.852017937219731,0.9996696944673824
old_tests,,1,,,0.9,1,10,0.0,1,24267,36805,330570,14177,84741,196,30358,196,24071,54383,13981,0.0081425782061401,69812,36805,178,34,24037,18,0.9978571722915894,0.9985875119438328,0.9081632653061223,0.0918367346938775,0.839622641509434,0.9992517148202036
old_tests,,1,,,0.9,1,10,0.0,1,24267,39178,330570,14510,72690,196,29164,196,24071,43526,14314,0.0081425782061401,74616,39178,183,40,24031,13,0.9978159640664276,0.9983382493456856,0.9336734693877552,0.0663265306122449,0.820627802690583,0.9994593245716188
old_tests,,1,,,0.9,1,10,0.0,1,24267,39199,330570,14754,83863,195,29659,195,24072,54204,14559,0.0081006979062811,74960,39199,185,36,24036,10,0.99810442164256,0.9985044865403788,0.9487179487179488,0.0512820512820513,0.8371040723981901,0.9995841304167014
old_tests,,1,,,0.8,1,10,0.4,1,24443,24837,386606,12201,49639,194,18039,194,24249,31600,12007,0.0080003299105117,43788,24837,180,42,24207,14,0.9977089555291904,0.9982679698131882,0.9278350515463918,0.0721649484536082,0.8108108108108109,0.9994219891829405
old_tests,,1,,,0.8,1,10,0.4,1,24443,27370,386606,12838,91807,197,22266,197,24246,69541,12641,0.0081250515548956,48842,27370,186,49,24197,11,0.9975453094955612,0.9979790480904068,0.9441624365482234,0.0558375634517765,0.7914893617021277,0.9995456047587574
old_tests,,1,,,0.8,1,10,0.4,1,24443,25941,386606,12427,62010,194,19312,193,24249,42698,12234,0.0080003299105117,46018,25941,178,57,24192,16,0.997013459886266,0.9976493876036124,0.9175257731958762,0.0824742268041237,0.7574468085106383,0.9993390614672836
old_tests,,1,,,0.8,1,10,0.8,1,24443,12152,386606,7121,17368,198,5859,198,24245,11509,6923,0.0081666322953186,18992,12152,168,24,24221,30,0.997790778546005,0.999010105176325,0.8484848484848485,0.1515151515151515,0.875,0.99876293761082
old_tests,,1,,,0.8,1,10,0.8,1,24443,13326,386606,7581,22960,192,6491,192,24251,16469,7389,0.0079171992907508,20558,13326,164,30,24221,28,0.9976271325123758,0.99876293761082,0.8541666666666666,0.1458333333333333,0.845360824742268,0.998845313208792
old_tests,,1,,,0.8,1,10,0.8,1,24443,12793,386606,7327,24849,194,6085,194,24249,18764,7133,0.0080003299105117,19982,12793,163,28,24221,31,0.9975862210039684,0.998845313208792,0.8402061855670103,0.1597938144329896,0.8534031413612565,0.9987217549068118
old_tests,,1,,,0.8,1,10,1.0,1,24443,4207,386606,3156,3558,195,30,29,24248,3528,3127,0.0080419003629165,7742,4207,1,3,24245,194,0.991940432843759,0.9998762784559552,0.0051282051282051,0.9948717948717948,0.25,0.992061868325218
old_tests,,1,,,0.8,1,10,1.0,1,24443,4157,386606,3177,3567,196,32,29,24247,3535,3148,0.0080834742442364,7632,4157,0,7,24240,196,0.991694963793315,0.9997113044912772,0.0,1.0,0.0,0.9919790473072516
old_tests,,1,,,0.8,1,10,1.0,1,24443,4249,386606,3261,3695,192,25,23,24251,3670,3238,0.0079171992907508,7860,4249,0,5,24246,192,0.991940432843759,0.9997938229351367,0.0,1.0,0.0,0.9921433832555856
old_tests,,1,,,0.9,1,10,0.4,1,24267,24406,330570,10898,37741,197,15554,195,24070,22187,10703,0.0081844619858745,42972,24406,184,33,24037,13,0.99810442164256,0.9986289987536352,0.934010152284264,0.065989847715736,0.847926267281106,0.9994594594594596
old_tests,,1,,,0.9,1,10,0.4,1,24267,25243,330570,11157,52259,196,15884,196,24071,36375,10961,0.0081425782061401,44634,25243,181,42,24029,15,0.9976511311657806,0.99825516181297,0.923469387755102,0.0765306122448979,0.8116591928251121,0.9993761437364832
old_tests,,1,,,0.9,1,10,0.4,1,24267,26095,330570,11544,69328,192,17128,192,24075,52200,11352,0.0079750778816199,46568,26095,186,42,24033,6,0.9980220051922364,0.9982554517133956,0.96875,0.03125,0.8157894736842105,0.9997504055909148
old_tests,,1,,,0.9,1,10,0.8,1,24267,12910,330570,6489,16883,196,5478,193,24071,11405,6296,0.0081425782061401,19898,12910,169,28,24043,27,0.9977335476161042,0.99883677454198,0.8622448979591837,0.1377551020408163,0.8578680203045685,0.9988782717075196
old_tests,,1,,,0.9,1,10,0.8,1,24267,15343,330570,7479,20988,197,6533,195,24070,14455,7284,0.0081844619858745,23784,15343,164,26,24044,33,0.9975687147154572,0.9989198171998338,0.8324873096446701,0.1675126903553299,0.8631578947368421,0.9986293973501682
old_tests,,1,,,0.9,1,10,0.8,1,24267,11748,330570,6281,19618,194,4777,190,24073,14841,6091,0.0080588210858638,18156,11748,154,34,24039,40,0.9969505913380312,0.99858762929423,0.7938144329896907,0.2061855670103093,0.8191489361702128,0.9983388014452428
old_tests,,1,,,0.0,1,10,0.9,1,24629,9831,483101,7065,24464,198,7518,195,24431,16946,6870,0.0081044574515983,14718,9831,127,32,24399,71,0.9958179382029316,0.9986901886946912,0.6414141414141414,0.3585858585858585,0.7987421383647799,0.9970984879444218
old_tests,,1,,,0.0,1,10,0.9,1,24629,9555,483101,7060,24970,199,7363,196,24430,17607,6864,0.00814572247237,14480,9555,132,27,24403,67,0.9961833610784036,0.998894801473598,0.6633165829145728,0.3366834170854271,0.8301886792452831,0.9972619534123416
old_tests,,1,,,0.0,1,10,0.9,1,24629,9671,483101,6987,19957,198,7366,191,24431,12591,6796,0.0081044574515983,14482,9671,120,22,24409,78,0.9959397458280888,0.9990995047276002,0.6060606060606061,0.3939393939393939,0.8450704225352113,0.9968146363376486
old_tests,,1,,,0.0,1,10,0.9,1,24629,10223,483101,7283,22311,199,7874,193,24430,14437,7090,0.00814572247237,15434,10223,127,34,24396,72,0.9956961305777742,0.9986082685223088,0.6381909547738693,0.3618090452261306,0.7888198757763976,0.9970573810691516
old_tests,,1,,,0.0,1,10,0.9,1,24629,9266,483101,6849,24616,197,7029,196,24432,17587,6653,0.0080631958087753,13814,9266,125,29,24403,72,0.9958991432863696,0.9988130320890636,0.6345177664974619,0.365482233502538,0.8116883116883117,0.9970582226762004
old_tests,,1,,,0.8,1,10,0.9,1,24443,8891,386606,5428,13628,195,3147,184,24248,10481,5244,0.0080419003629165,13302,8891,132,23,24225,63,0.9964816102769708,0.9990514681623228,0.676923076923077,0.323076923076923,0.8516129032258064,0.9974061264822134
old_tests,,1,,,0.8,1,10,0.9,1,24443,9514,386606,5921,12804,195,3298,185,24248,9506,5736,0.0080419003629165,14324,9514,116,24,24224,79,0.9957861146340464,0.999010227647641,0.5948717948717949,0.4051282051282051,0.8285714285714286,0.996749372505452
old_tests,,1,,,0.8,1,10,0.9,1,24443,8929,386606,5535,10981,194,3046,185,24249,7935,5350,0.0080003299105117,13498,8929,120,22,24227,74,0.9960724951928978,0.9990927460926224,0.6185567010309279,0.3814432989690721,0.8450704225352113,0.9969548578247808
old_tests,,1,,,0.9,1,10,0.9,1,24267,9213,330570,5028,10820,196,2915,187,24071,7905,4841,0.0081425782061401,13782,9213,115,30,24041,81,0.9954258870070466,0.9987536870092644,0.5867346938775511,0.4132653061224489,0.7931034482758621,0.9966420694801426
old_tests,,1,,,0.9,1,10,0.9,1,24267,9104,330570,4889,10539,195,2868,191,24072,7671,4698,0.0081006979062811,13334,9104,122,25,24047,73,0.9959615939341492,0.9989614489863742,0.6256410256410256,0.3743589743589743,0.8299319727891157,0.9969734660033168
old_tests,,1,,,0.9,1,10,0.9,1,24267,8799,330570,4812,10760,194,2675,185,24073,8085,4627,0.0080588210858638,13026,8799,120,23,24050,74,0.996002802159311,0.9990445727578616,0.6185567010309279,0.3814432989690721,0.8391608391608392,0.9969325153374232
old_tests,,1,,,0.95,1,10,0.4,1,23754,26409,248632,9608,50216,192,13744,192,23562,36472,9416,0.0081487140310669,47260,26409,182,31,23531,10,0.9982739749094888,0.998684322213734,0.9479166666666666,0.0520833333333333,0.8544600938967136,0.9995752092094644
old_tests,,1,,,0.95,1,10,0.4,1,23754,24984,248632,9309,37509,189,12831,188,23565,24678,9121,0.0080203691915977,44272,24984,173,31,23534,16,0.9980213858718532,0.9986844897093148,0.9153439153439152,0.0846560846560846,0.8480392156862745,0.99932059447983
old_tests,,1,,,0.95,1,10,0.4,1,23754,25136,248632,9380,34118,189,12420,189,23565,21698,9191,0.0080203691915977,44726,25136,173,35,23530,16,0.997852993180096,0.9985147464460004,0.9153439153439152,0.0846560846560846,0.8317307692307693,0.9993204790622612
old_tests,,1,,,0.95,1,10,0.8,1,23754,14047,248632,5641,15340,189,4404,186,23565,10936,5455,0.0080203691915977,21960,14047,153,29,23536,36,0.997263618758946,0.9987693613409718,0.8095238095238095,0.1904761904761904,0.8406593406593407,0.9984727642966232
old_tests,,1,,,0.95,1,10,0.8,1,23754,11285,248632,4675,12453,186,3494,182,23568,8959,4493,0.0078920570264765,17546,11285,157,27,23541,29,0.9976425023153996,0.9988543788187372,0.8440860215053764,0.1559139784946236,0.8532608695652174,0.9987696224013576
old_tests,,1,,,0.95,1,10,0.8,1,23754,13383,248632,5609,18112,185,4518,180,23569,13594,5429,0.0078492935635792,20820,13383,158,24,23545,27,0.997852993180096,0.9989817132674276,0.8540540540540541,0.1459459459459459,0.8681318681318682,0.9988545732224672
old_tests,,1,,,0.95,1,10,0.9,1,23754,9602,248632,4136,7998,187,2111,180,23567,5887,3956,0.0079348241184707,14508,9602,130,21,23546,57,0.996716342510735,0.9991089234947172,0.6951871657754011,0.3048128342245989,0.8609271523178808,0.997585052747532
old_tests,,1,,,0.95,1,10,0.9,1,23754,9991,248632,4238,8150,193,2329,184,23561,5821,4054,0.0081915029073468,14996,9991,130,16,23545,63,0.9966742443377956,0.9993209116760748,0.6735751295336787,0.3264248704663213,0.8904109589041096,0.9973314130803118
old_tests,,1,,,0.95,1,10,0.9,1,23754,8822,248632,3756,6830,183,2067,167,23571,4763,3589,0.0077637775232276,13170,8822,106,17,23554,77,0.9960427717437064,0.9992787747656018,0.5792349726775956,0.4207650273224044,0.8617886178861789,0.9967415682789555
old_tests,,1,,,0.99,1,10,0.0,1,13079,37501,25894,2134,6229,102,2373,102,12977,3856,2032,0.0078600601063419,71348,37501,94,10,12967,8,0.9986237479929658,0.9992294058719272,0.9215686274509804,0.0784313725490196,0.903846153846154,0.999383429672447
old_tests,,1,,,0.99,1,10,0.0,1,13079,41217,25894,2266,6763,110,2423,110,12969,4340,2156,0.008481764206955,78822,41217,107,4,12965,3,0.9994647908861534,0.9996915722106562,0.9727272727272728,0.0272727272727272,0.963963963963964,0.9997686613201728
old_tests,,1,,,0.99,1,10,0.0,1,13079,37626,25894,2013,5238,102,2025,102,12977,3213,1911,0.0078600601063419,71532,37626,97,5,12972,5,0.9992354155516476,0.9996147029359636,0.9509803921568628,0.0490196078431373,0.9509803921568628,0.9996147029359636
old_tests,,1,,,0.99,1,10,0.4,1,13079,30054,25894,1716,4246,109,1756,106,12970,2490,1610,0.0084040092521202,53986,30054,102,10,12960,7,0.9987002064378012,0.9992289899768696,0.9357798165137616,0.0642201834862384,0.9107142857142856,0.9994601681190716
old_tests,,1,,,0.99,1,10,0.4,1,13079,24280,25894,1343,3377,97,1251,97,12982,2126,1246,0.0074718841472808,42978,24280,91,9,12973,6,0.9988531233274716,0.999306732398706,0.9381443298969072,0.0618556701030927,0.91,0.9995377147700132
old_tests,,1,,,0.99,1,10,0.8,1,13079,12547,25894,740,1278,100,427,93,12979,851,647,0.007704753833115,19386,12547,85,9,12970,15,0.9981649973239544,0.9993065721550196,0.85,0.15,0.9042553191489362,0.9988448209472468
old_tests,,1,,,0.99,1,10,0.8,1,13079,12661,25894,738,1209,107,449,94,12972,760,644,0.0082485353068146,19692,12661,94,4,12968,13,0.9987002064378012,0.999691643539932,0.8785046728971962,0.1214953271028037,0.9591836734693876,0.9989985363223172
old_tests,,1,,,0.99,1,10,0.8,1,13079,14114,25894,771,1430,110,474,97,12969,956,674,0.008481764206955,22038,14114,91,7,12962,19,0.998012080434284,0.9994602513686484,0.8272727272727273,0.1727272727272727,0.9285714285714286,0.9985363223172328
old_tests,,1,,,0.99,1,10,0.4,1,13079,25717,25894,1510,4574,113,1404,109,12966,3170,1401,0.0087151010334721,45374,25717,106,10,12956,7,0.9987002064378012,0.9992287521209317,0.9380530973451328,0.0619469026548672,0.913793103448276,0.9994600015428527
old_tests,,1,,,0.99,1,10,0.9,1,13079,9168,25894,516,742,116,218,83,12963,524,433,0.0089485458612975,13538,9168,79,2,12961,37,0.997018120651426,0.9998457147265294,0.6810344827586207,0.3189655172413793,0.9753086419753086,0.9971534082166488
old_tests,,1,,,0.99,1,10,0.9,1,13079,8839,25894,557,738,104,214,81,12975,524,476,0.0080154142581888,13326,8839,68,5,12970,36,0.9968652037617556,0.9996146435452794,0.6538461538461539,0.3461538461538461,0.9315068493150684,0.997232046747655
old_tests,,1,,,0.99,1,10,0.9,1,13079,8974,25894,587,1015,110,268,81,12969,747,506,0.008481764206955,13232,8974,77,2,12967,33,0.9973239544307668,0.999845786105328,0.7,0.3,0.9746835443037974,0.9974615384615384
old_tests,,1,,,0.0,1,10,0.9,2,24629,15186,483101,10330,28386,198,6712,198,24431,21674,10132,0.0081044574515983,19626,15186,130,41,24390,68,0.9955743229526168,0.9983218042650732,0.6565656565656566,0.3434343434343434,0.7602339181286549,0.9972197236078176
old_tests,,1,,,0.0,1,10,0.9,2,24629,14876,483101,10204,26140,199,6575,195,24430,19565,10009,0.00814572247237,19206,14876,134,35,24395,65,0.9959397458280888,0.998567335243553,0.6733668341708543,0.3266331658291457,0.7928994082840237,0.9973426001635324
old_tests,,1,,,0.0,1,10,0.9,2,24629,11715,483101,8744,21169,193,5107,189,24436,16062,8555,0.0078981830086757,15042,11715,113,44,24392,80,0.99496528482683,0.998199377966934,0.5854922279792746,0.4145077720207254,0.7197452229299363,0.996730957829356
old_tests,,1,,,0.0,1,10,0.9,2,24629,14657,483101,10091,25802,198,6511,195,24431,19291,9896,0.0081044574515983,18957,14657,118,43,24388,80,0.9950058873685492,0.9982399410584912,0.5959595959595959,0.4040404040404041,0.7329192546583851,0.9967304234101684
old_tests,,1,,,0.0,1,10,0.9,2,24629,14869,483101,10187,28661,195,6656,195,24434,22005,9992,0.0079806826553163,19302,14869,133,38,24396,62,0.9959397458280888,0.9984447900466564,0.6820512820512821,0.3179487179487179,0.7777777777777778,0.99746504211301
old_tests,,1,,,0.0,1,10,0.8,2,24629,20619,483101,12409,36932,193,9730,193,24436,27202,12216,0.0078981830086757,27462,20619,162,52,24384,31,0.9966299890373136,0.9978719921427402,0.8393782383419689,0.1606217616580311,0.7570093457943925,0.9987302887569116
old_tests,,1,,,0.0,1,10,0.8,2,24629,23350,483101,13324,41063,194,10740,192,24435,30323,13132,0.007939431143851,31221,23350,160,45,24390,34,0.9967923992041902,0.998158379373849,0.8247422680412371,0.1752577319587629,0.7804878048780488,0.9986079266295448
old_tests,,1,,,0.0,1,10,0.8,2,24629,23280,483101,13280,45389,196,10634,194,24433,34755,13086,0.0080219375434862,31158,23280,160,62,24371,36,0.9960209509115272,0.9974624483280808,0.8163265306122449,0.183673469387755,0.7207207207207207,0.998525013315852
old_tests,,1,,,0.0,1,10,0.8,2,24629,21526,483101,12792,37989,199,9790,197,24430,28199,12595,0.00814572247237,28737,21526,164,44,24386,35,0.9967923992041902,0.9981989357347524,0.8241206030150754,0.1758793969849246,0.7884615384615384,0.99856680725605
old_tests,,1,,,0.0,1,10,0.8,2,24629,19391,483101,11990,32548,197,8725,196,24432,23823,11794,0.0080631958087753,25650,19391,161,34,24398,36,0.9971578220796622,0.9986083824492468,0.817258883248731,0.182741116751269,0.8256410256410256,0.9985266432020954
old_tests,,1,,,0.0,1,10,0.4,2,24629,42919,483101,18070,96830,195,21256,194,24434,75574,17876,0.0079806826553163,62580,42919,182,75,24359,13,0.996426976328718,0.996930506671032,0.9333333333333332,0.0666666666666666,0.708171206225681,0.9994666010175612
old_tests,,1,,,0.0,1,10,0.4,2,24629,49974,483101,19006,104708,198,25236,198,24431,79472,18808,0.0081044574515983,73788,49974,189,88,24343,9,0.9960615534532462,0.9963980189104008,0.9545454545454546,0.0454545454545454,0.6823104693140795,0.9996304204993428
old_tests,,1,,,0.0,1,10,0.4,2,24629,44262,483101,18083,83898,197,21966,197,24432,61932,17886,0.0080631958087753,64470,44262,188,75,24357,9,0.9965893864955946,0.9969302554027504,0.9543147208121828,0.0456852791878172,0.714828897338403,0.999630632849052
old_tests,,1,,,0.0,1,10,0.4,2,24629,44352,483101,18099,86608,199,22702,199,24430,63906,17900,0.00814572247237,64929,44352,188,77,24353,11,0.996426976328718,0.9968481375358166,0.9447236180904522,0.0552763819095477,0.7094339622641509,0.9995485142012804
old_tests,,1,,,0.0,1,10,0.4,2,24629,42208,483101,17778,83774,196,21072,196,24433,62702,17582,0.0080219375434862,61587,42208,179,79,24354,17,0.9961021559949652,0.9967666680309416,0.9132653061224488,0.086734693877551,0.6937984496124031,0.9993024496327604
test_synth1,,2,,,0.0,1,10,0.0,1,24629,36481,539041,17167,122018,195,35818,195,24434,86200,16972,0.0079806826553163,67750,36481,179,39,24395,16,0.9977668602054488,0.9984038634689368,0.917948717948718,0.082051282051282,0.8211009174311926,0.999344557781328
test_synth2,,2,,,0.0,1,10,0.0,1,24629,33851,539041,16621,93165,198,31848,198,24431,61317,16423,0.0081044574515983,62578,33851,183,33,24398,15,0.9980510779974826,0.9986492570914004,0.9242424242424242,0.0757575757575758,0.8472222222222222,0.9993855732601484
test_synth3,,2,,,0.0,1,10,0.0,1,24629,33503,539041,16472,89842,195,32097,195,24434,57745,16277,0.0079806826553163,61140,33503,182,29,24405,13,0.9982946932477972,0.9988131292461324,0.9333333333333332,0.0666666666666666,0.8625592417061612,0.9994676058645262
test_synth4,,2,,,0.0,1,10,0.0,1,24629,30814,539041,15801,82307,197,28780,197,24432,53527,15604,0.0080631958087753,56066,30814,189,12,24420,8,0.9991879491656178,0.99950884086444,0.9593908629441624,0.0406091370558375,0.9402985074626866,0.9996725069592272
test_synth5,,2,,,0.0,1,10,0.0,1,24629,32686,539041,16314,92431,192,30173,192,24437,62258,16122,0.0078569382493759,59790,32686,183,28,24409,9,0.9984977059563928,0.9988541965052994,0.953125,0.046875,0.8672985781990521,0.999631419444672
test_synth1,,2,,,0.0,1,10,0.4,1,24629,28697,539041,14998,67547,194,25520,194,24435,42027,14804,0.007939431143851,50522,28697,180,26,24409,14,0.9983758983312356,0.9989359525271128,0.9278350515463918,0.0721649484536082,0.8737864077669902,0.999426769848094
test_synth2,,2,,,0.0,1,10,0.4,1,24629,27331,539041,14602,66890,195,24124,195,24434,42766,14407,0.0079806826553163,47784,27331,186,25,24409,9,0.9986195135815502,0.9989768355570108,0.953846153846154,0.0461538461538461,0.8815165876777251,0.999631419444672
test_synth3,,2,,,0.0,1,10,0.4,1,24629,23456,539041,13474,61513,196,20644,195,24433,40869,13279,0.0080219375434862,40496,23456,179,24,24409,17,0.9983352957895164,0.9990177219334506,0.9132653061224488,0.086734693877551,0.8817733990147784,0.9993040203062312
test_synth4,,2,,,0.0,1,10,0.4,1,24629,31446,539041,15651,77011,199,28191,199,24430,48820,15452,0.00814572247237,55754,31446,185,25,24405,14,0.9984165008729546,0.9989766680311092,0.9296482412060302,0.0703517587939698,0.8809523809523809,0.999426675949056
test_synth5,,2,,,0.0,1,10,0.4,1,24629,25539,539041,14149,63005,198,22643,198,24431,40362,13951,0.0081044574515983,44666,25539,180,27,24404,18,0.99817288562264,0.9988948467111456,0.9090909090909092,0.0909090909090909,0.8695652173913043,0.9992629596265662
test_synth1,,2,,,0.0,1,10,0.8,1,24629,16543,539041,10786,54572,196,13602,196,24433,40970,10590,0.0080219375434862,26950,16543,161,22,24411,35,0.9976856551220108,0.9990995784389964,0.8214285714285714,0.1785714285714286,0.8797814207650273,0.9985682729280864
test_synth2,,2,,,0.0,1,10,0.8,1,24629,17119,539041,11125,51099,199,14337,197,24430,36762,10928,0.00814572247237,28148,17119,159,27,24403,40,0.9972796297048196,0.998894801473598,0.7989949748743719,0.2010050251256281,0.8548387096774194,0.9983635396637074
test_synth3,,2,,,0.0,1,10,0.8,1,24629,14917,539041,10116,33786,195,12400,195,24434,21386,9921,0.0079806826553163,24436,14917,157,24,24410,38,0.9974826424134152,0.9990177621347304,0.8051282051282052,0.1948717948717948,0.8674033149171271,0.9984456806282722
test_synth4,,2,,,0.0,1,10,0.8,1,24629,17046,539041,11023,58056,198,14692,198,24431,43364,10825,0.0081044574515983,27906,17046,166,21,24410,32,0.997848065288887,0.9991404363308912,0.8383838383838383,0.1616161616161616,0.8877005347593583,0.998690778168726
test_synth5,,2,,,0.0,1,10,0.8,1,24629,17683,539041,11132,42488,199,14573,199,24430,27915,10933,0.00814572247237,28692,17683,162,23,24407,37,0.9975638474968532,0.9990585345886206,0.8140703517587939,0.185929648241206,0.8756756756756757,0.998486336115202
test_synth1,,2,,,0.0,1,10,0.9,1,24629,16390,539041,10724,39752,197,13774,197,24432,25978,10527,0.0080631958087753,27150,16390,125,24,24408,72,0.9961021559949652,0.9990176817288802,0.6345177664974619,0.365482233502538,0.8389261744966443,0.9970588235294118
test_synth2,,2,,,0.0,1,10,0.9,1,24629,14142,539041,9660,30719,196,11572,194,24433,19147,9466,0.0080219375434862,22842,14142,132,14,24419,64,0.9968330017459092,0.9994270044611796,0.673469387755102,0.326530612244898,0.9041095890410958,0.9973859412653678
test_synth3,,2,,,0.0,1,10,0.9,1,24629,13767,539041,9480,35075,197,11520,196,24432,23555,9284,0.0080631958087753,22452,13767,131,21,24411,66,0.9964675788704372,0.9991404715127702,0.6649746192893401,0.3350253807106599,0.8618421052631579,0.9973035911263636
test_synth4,,2,,,0.0,1,10,0.9,1,24629,12131,539041,8819,35229,195,10233,195,24434,24996,8624,0.0079806826553163,19902,12131,128,13,24421,67,0.996751796662471,0.9994679544896456,0.6564102564102564,0.3435897435897436,0.9078014184397164,0.9972639660241752
test_synth5,,2,,,0.0,1,10,0.9,1,24629,12495,539041,8973,45364,198,10638,196,24431,34726,8777,0.0081044574515983,20228,12495,124,12,24419,74,0.9965081814121564,0.9995088207605092,0.6262626262626263,0.3737373737373737,0.9117647058823528,0.9969787286163394
test_synth1,,2,,,0.0,1,10,1.0,1,24629,10257,539041,8304,34532,195,9759,179,24434,24773,8125,0.0079806826553163,19000,10257,4,9,24425,191,0.9918794916561776,0.999631660800524,0.0205128205128205,0.9794871794871794,0.3076923076923077,0.9922408189795257
test_synth2,,2,,,0.0,1,10,1.0,1,24629,9965,539041,8166,26752,198,9439,178,24431,17313,7988,0.0081044574515983,18564,9965,3,5,24426,195,0.9918794916561776,0.9997953419835456,0.0151515151515151,0.9848484848484848,0.375,0.992079931765566
test_synth3,,2,,,0.0,1,10,1.0,1,24629,9696,539041,8120,28772,196,9102,189,24433,19670,7931,0.0080219375434862,17872,9696,1,6,24427,195,0.9918388891144586,0.9997544304833628,0.0051020408163265,0.9948979591836736,0.1428571428571428,0.9920802534318902
test_synth4,,2,,,0.0,1,10,1.0,1,24629,8994,539041,7695,30059,197,8405,189,24432,21654,7506,0.0080631958087753,16542,8994,3,10,24422,194,0.9917170814893012,0.9995907007203668,0.015228426395939,0.9847715736040608,0.2307692307692307,0.9921189470263244
test_synth5,,2,,,0.0,1,10,1.0,1,24629,9606,539041,8000,26421,199,8918,188,24430,17503,7812,0.00814572247237,17696,9606,1,9,24421,198,0.991595273864144,0.9996316004911994,0.0050251256281407,0.9949748743718592,0.1,0.9919574312522847
test_synth1,,2,,,0.8,1,10,0.0,1,24150,36921,279062,17180,97090,193,24413,193,23957,72677,16987,0.0080561005134198,75754,36921,180,284,23673,13,0.9877018633540372,0.988145427223776,0.932642487046632,0.0673575129533678,0.3879310344827586,0.9994511525795828
test_synth2,,2,,,0.8,1,10,0.0,1,24150,35367,279062,16890,91988,196,23394,196,23954,68594,16694,0.0081823495032144,72078,35367,181,239,23715,15,0.9894824016563148,0.990022543207815,0.923469387755102,0.0765306122448979,0.430952380952381,0.9993678887484198
test_synth3,,2,,,0.8,1,10,0.0,1,24150,32377,279062,16331,88158,194,21507,194,23956,66651,16137,0.0080981799966605,65008,32377,177,219,23737,17,0.9902277432712216,0.9908582401068626,0.9123711340206184,0.0876288659793814,0.4469696969696969,0.999284331060032
test_synth4,,2,,,0.8,1,10,0.0,1,24150,30747,279062,15946,97341,194,20300,194,23956,77041,15752,0.0080981799966605,61522,30747,176,175,23781,18,0.992008281573499,0.992694940724662,0.9072164948453608,0.0927835051546391,0.5014245014245015,0.9992436657002396
test_synth5,,2,,,0.8,1,10,0.0,1,24150,34388,279062,16473,86779,191,22721,191,23959,64058,16282,0.0079719520848115,69522,34388,183,204,23755,8,0.9912215320910972,0.9914854543177928,0.9581151832460733,0.0418848167539267,0.4728682170542636,0.9996633421706014
test_synth1,,2,,,0.8,1,10,0.4,1,24150,24607,279062,14107,62066,193,13617,192,23957,48449,13915,0.0080561005134198,47880,24607,176,201,23756,17,0.9909730848861285,0.9916099678590808,0.911917098445596,0.0880829015544041,0.4668435013262599,0.9992849030412652
test_synth2,,2,,,0.8,1,10,0.4,1,24150,25608,279062,14432,76768,196,13389,196,23954,63379,14236,0.0081823495032144,49820,25608,181,218,23736,15,0.990351966873706,0.9908992235117308,0.923469387755102,0.0765306122448979,0.4536340852130325,0.9993684476443098
test_synth3,,2,,,0.8,1,10,0.4,1,24150,22706,279062,13683,55360,192,11776,192,23958,43584,13491,0.0080140245429501,43408,22706,176,202,23756,16,0.9909730848861285,0.991568578345438,0.9166666666666666,0.0833333333333333,0.4656084656084656,0.999326939256268
test_synth4,,2,,,0.8,1,10,0.4,1,24150,26214,279062,14607,71894,196,14384,195,23954,57510,14412,0.0081823495032144,51256,26214,176,219,23735,20,0.9901035196687372,0.990857476830592,0.8979591836734694,0.1020408163265306,0.4455696202531645,0.9991580719848452
test_synth5,,2,,,0.8,1,10,0.4,1,24150,25103,279062,14311,63607,196,13610,196,23954,49997,14115,0.0081823495032144,48566,25103,173,198,23756,23,0.990848861283644,0.991734157134508,0.8826530612244898,0.1173469387755101,0.4663072776280323,0.999032759998318
test_synth1,,2,,,0.8,1,10,0.8,1,24150,14220,279062,10365,31201,195,3999,192,23955,27202,10173,0.008140262993112,26088,14220,165,127,23828,30,0.9934989648033128,0.9946983928198706,0.8461538461538461,0.1538461538461538,0.565068493150685,0.9987425601475396
test_synth2,,2,,,0.8,1,10,0.8,1,24150,15025,279062,10422,37681,194,4310,193,23956,33371,10229,0.0080981799966605,27504,15025,155,157,23799,39,0.9918840579710144,0.9934463182501252,0.7989690721649485,0.2010309278350515,0.4967948717948718,0.9983639567077774
test_synth3,,2,,,0.8,1,10,0.8,1,24150,14297,279062,10141,30179,188,4008,183,23962,26171,9958,0.0078457557799849,26266,14297,144,116,23846,44,0.993374741200828,0.9951590017527752,0.7659574468085106,0.2340425531914893,0.5538461538461539,0.998158225198828
test_synth4,,2,,,0.8,1,10,0.8,1,24150,14438,279062,10073,31826,195,4395,188,23955,27431,9885,0.008140262993112,26078,14438,145,116,23839,50,0.9931262939958592,0.995157587142559,0.7435897435897436,0.2564102564102564,0.5555555555555556,0.9979069864791328
test_synth5,,2,,,0.8,1,10,0.8,1,24150,12890,279062,9605,27534,191,3633,187,23959,23901,9418,0.0079719520848115,23560,12890,148,117,23842,43,0.993374741200828,0.99511665762344,0.774869109947644,0.2251308900523559,0.5584905660377358,0.9981997069290348
test_synth1,,2,,,0.8,1,10,0.9,1,24150,12980,279062,9576,30137,194,2415,185,23956,27722,9391,0.0080981799966605,23912,12980,120,115,23841,74,0.9921739130434782,0.9951995324762064,0.6185567010309279,0.3814432989690721,0.5106382978723404,0.9969057077148232
test_synth2,,2,,,0.8,1,10,0.9,1,24150,12304,279062,9204,25549,196,2244,185,23954,23305,9019,0.0081823495032144,22556,12304,122,104,23850,74,0.9926293995859212,0.9956583451615596,0.6224489795918368,0.3775510204081632,0.5398230088495575,0.9969068717605752
test_synth3,,2,,,0.8,1,10,0.9,1,24150,12222,279062,9188,25859,197,2147,185,23953,23712,9003,0.0082244395274078,22416,12222,116,97,23856,81,0.9926293995859212,0.9959504028722916,0.5888324873096447,0.4111675126903553,0.5446009389671361,0.9966161173079332
test_synth4,,2,,,0.8,1,10,0.9,1,24150,11999,279062,9050,26866,194,2216,183,23956,24650,8867,0.0080981799966605,22054,11999,128,107,23849,66,0.9928364389233956,0.995533478043079,0.6597938144329897,0.3402061855670103,0.5446808510638298,0.9972402257997072
test_synth5,,2,,,0.8,1,10,0.9,1,24150,12774,279062,9445,26492,194,2330,182,23956,24162,9263,0.0080981799966605,23482,12774,127,120,23836,67,0.992256728778468,0.994990816496911,0.654639175257732,0.345360824742268,0.5141700404858299,0.9971970045600972
test_synth1,,2,,,0.8,1,10,1.0,1,24150,7104,279062,6528,15574,193,67,51,23957,15507,6477,0.0080561005134198,14414,7104,0,73,23884,193,0.9889855072463768,0.9969528738990692,0.0,1.0,0.0,0.9919840511691655
test_synth2,,2,,,0.8,1,10,1.0,1,24150,9640,279062,8162,21319,197,103,72,23953,21216,8090,0.0082244395274078,19662,9640,2,76,23877,195,0.9887784679089028,0.9968271197762284,0.0101522842639593,0.9898477157360406,0.0256410256410256,0.9918993020937188
test_synth3,,2,,,0.8,1,10,1.0,1,24150,9414,279062,8102,20868,197,102,68,23953,20766,8034,0.0082244395274078,19226,9414,1,90,23863,196,0.9881573498964804,0.9962426418402706,0.0050761421319796,0.9949238578680204,0.0109890109890109,0.9918533604887984
test_synth4,,2,,,0.8,1,10,1.0,1,24150,8698,279062,7481,19252,194,69,52,23956,19183,7429,0.0080981799966605,17710,8698,0,83,23873,194,0.9885300207039336,0.9965353147436968,0.0,1.0,0.0,0.9919391698175926
test_synth5,,2,,,0.8,1,10,1.0,1,24150,9632,279062,8121,21242,194,93,64,23956,21149,8057,0.0080981799966605,19628,9632,0,108,23848,194,0.9874948240165632,0.99549173484722,0.0,1.0,0.0,0.9919307877880376
test_synth1,,2,,,0.9,1,10,0.0,1,22536,28128,142344,15260,81792,175,10904,175,22361,70888,15085,0.0078261258441035,61916,28128,162,1120,21241,13,0.949724884629038,0.9499127945977373,0.9257142857142856,0.0742857142857142,0.126365054602184,0.9993883504281548
test_synth2,,2,,,0.9,1,10,0.0,1,22536,31627,142344,15926,83250,182,12132,182,22354,71118,15744,0.0081417196027556,70922,31627,167,1421,20933,15,0.9362797302094428,0.936431958486177,0.9175824175824177,0.0824175824175824,0.1051637279596977,0.9992839411877028
test_synth3,,2,,,0.9,1,10,0.0,1,22536,25507,142344,14444,70783,172,9456,172,22364,61327,14272,0.0076909318547665,55188,25507,154,930,21434,18,0.9579339723109692,0.9584153103201574,0.8953488372093024,0.1046511627906976,0.1420664206642066,0.9991609173969792
test_synth4,,2,,,0.9,1,10,0.0,1,22536,30485,142344,15670,93051,191,12318,191,22345,80733,15479,0.00854777355113,67608,30485,169,1223,21122,22,0.94475505857295,0.9452673976281049,0.8848167539267016,0.1151832460732984,0.1214080459770114,0.998959515701854
test_synth5,,2,,,0.9,1,10,0.0,1,22536,30440,142344,15753,82190,181,11907,181,22355,70283,15572,0.00809662267949,67588,30440,169,1259,21096,12,0.9436013489527868,0.9436815030194587,0.9337016574585636,0.0662983425414365,0.1183473389355742,0.9994314951677088
test_synth1,,2,,,0.9,1,10,0.4,1,22536,22032,142344,13377,54215,178,6975,178,22358,47240,13199,0.0079613561141425,46272,22032,158,849,21509,20,0.9614394746183884,0.9620270149387244,0.8876404494382022,0.1123595505617978,0.1569016881827209,0.9990710204839984
test_synth2,,2,,,0.9,1,10,0.4,1,22536,20604,142344,12961,52280,176,6442,176,22360,45838,12785,0.0078711985688729,43160,20604,150,792,21568,26,0.9637025204117856,0.9645796064400716,0.8522727272727273,0.1477272727272727,0.1592356687898089,0.9987959618412522
test_synth3,,2,,,0.9,1,10,0.4,1,22536,21241,142344,13193,52282,186,6603,184,22350,45679,13009,0.0083221476510067,44478,21241,168,783,21567,18,0.9644568690095848,0.96496644295302,0.9032258064516128,0.0967741935483871,0.1766561514195583,0.9991660875608062
test_synth4,,2,,,0.9,1,10,0.4,1,22536,21527,142344,13341,62002,170,7062,170,22366,54940,13171,0.007600822677278,45116,21527,157,883,21483,13,0.9602413915512956,0.9605204327997854,0.923529411764706,0.076470588235294,0.1509615384615384,0.9993952363230368
test_synth5,,2,,,0.9,1,10,0.4,1,22536,25388,142344,14489,62159,178,7692,177,22358,54467,14312,0.0079613561141425,54612,25388,163,1154,21204,15,0.9481274405395812,0.9483853654173005,0.9157303370786516,0.0842696629213483,0.1237661351556567,0.9992930863848438
test_synth1,,2,,,0.9,1,10,0.8,1,22536,13814,142344,10190,31192,183,2310,177,22353,28882,10013,0.0081868205609985,27502,13814,144,504,21849,39,0.9759052183173588,0.9774526909139712,0.7868852459016393,0.2131147540983606,0.2222222222222222,0.998218201754386
test_synth2,,2,,,0.9,1,10,0.8,1,22536,13722,142344,10209,31433,180,2332,175,22356,29101,10034,0.0080515297906602,27340,13722,135,513,21843,45,0.9752396166134184,0.9770531400966184,0.75,0.25,0.2083333333333333,0.9979440789473684
test_synth3,,2,,,0.9,1,10,0.8,1,22536,16311,142344,11481,38527,182,2814,173,22354,35713,11308,0.0081417196027556,32948,16311,141,636,21718,41,0.969959176428825,0.9715487161134472,0.7747252747252747,0.2252747252747252,0.1814671814671814,0.998115722229882
test_synth4,,2,,,0.9,1,10,0.8,1,22536,13979,142344,10313,32277,182,2498,176,22354,29779,10137,0.0081417196027556,27812,13979,144,492,21862,38,0.9764820731274404,0.9779905162387044,0.7912087912087912,0.2087912087912088,0.2264150943396226,0.9982648401826484
test_synth5,,2,,,0.9,1,10,0.8,1,22536,13761,142344,10159,31401,178,2239,170,22358,29162,9989,0.0079613561141425,27354,13761,140,502,21856,38,0.9760383386581468,0.9775471866893282,0.7865168539325843,0.2134831460674157,0.2180685358255451,0.9982643646661186
test_synth1,,2,,,0.9,1,10,0.9,1,22536,10931,142344,8675,23986,181,1154,169,22355,22832,8506,0.00809662267949,21620,10931,106,377,21978,75,0.9799432019879304,0.983135763811228,0.585635359116022,0.4143646408839779,0.2194616977225673,0.996599102162971
test_synth2,,2,,,0.9,1,10,0.9,1,22536,10421,142344,8474,23212,179,1128,157,22357,22084,8317,0.0080064409357248,20464,10421,98,385,21972,81,0.9793219737309194,0.9827794426801448,0.547486033519553,0.4525139664804469,0.2028985507246377,0.9963270303360088
test_synth3,,2,,,0.9,1,10,0.9,1,22536,12038,142344,9175,26490,177,1385,162,22359,25105,9013,0.0079162753253723,23812,12038,112,409,21950,65,0.9789669861554846,0.981707589784874,0.632768361581921,0.367231638418079,0.2149712092130518,0.997047467635703
test_synth4,,2,,,0.9,1,10,0.9,1,22536,11637,142344,9256,26143,180,1189,164,22356,24954,9092,0.0080515297906602,23104,11637,113,399,21957,67,0.9793219737309194,0.98215244229737,0.6277777777777778,0.3722222222222222,0.220703125,0.996957864148202
test_synth5,,2,,,0.9,1,10,0.9,1,22536,12963,142344,9683,29296,184,13033,176,22352,16263,9507,0.0082319255547602,25860,12963,115,442,21910,69,0.9773251686190984,0.9802254831782392,0.625,0.375,0.2064631956912028,0.9968606397015332
test_synth1,,2,,,0.9,1,10,1.0,1,22536,9710,142344,8123,21920,180,103,70,22356,21817,8053,0.0080515297906602,20238,9710,3,352,22004,177,0.97652644657437,0.9842547861871532,0.0166666666666666,0.9833333333333332,0.0084507042253521,0.9920201974663
test_synth2,,2,,,0.9,1,10,1.0,1,22536,8237,142344,7304,18574,177,98,69,22359,18476,7235,0.0079162753253723,17054,8237,0,290,22069,177,0.97927760028399,0.987029831387808,0.0,1.0,0.0,0.9920435134406186
test_synth3,,2,,,0.9,1,10,1.0,1,22536,9144,142344,7841,20531,188,104,73,22348,20427,7768,0.0084123858958296,18990,9144,1,344,22004,187,0.9764376996805112,0.9846071236799714,0.0053191489361702,0.9946808510638298,0.0028985507246376,0.9915731602902076
test_synth4,,2,,,0.9,1,10,1.0,1,22536,9775,142344,8137,21999,179,90,66,22357,21909,8071,0.0080064409357248,20384,9775,5,380,21977,174,0.975417110401136,0.9830030862817016,0.0279329608938547,0.9720670391061452,0.0129870129870129,0.9921448241614376
test_synth5,,2,,,0.9,1,10,1.0,1,22536,7199,142344,6470,16045,183,56,44,22353,15989,6426,0.0081868205609985,14852,7199,2,222,22131,181,0.982117500887469,0.9900684471882968,0.0109289617486338,0.989071038251366,0.0089285714285714,0.9918877733954824
test_synth1,,2,,,0.95,1,10,0.0,1,17034,21412,46989,12886,67394,137,3725,137,16897,63669,12749,0.0081079481564774,60516,21412,130,6804,10093,7,0.6001526359046613,0.5973249689293958,0.948905109489051,0.0510948905109489,0.0187481972887222,0.9993069306930692
test_synth2,,2,,,0.95,1,10,0.0,1,17034,21682,46989,13032,68523,140,4198,140,16894,64325,12892,0.0082869657866698,61000,21682,128,6843,10051,12,0.5975695667488552,0.5949449508701314,0.9142857142857144,0.0857142857142857,0.0183617845359345,0.998807512670178
test_synth3,,2,,,0.95,1,10,0.0,1,17034,23062,46989,13384,75955,125,4363,125,16909,71592,13259,0.0073925128629723,67242,23062,111,7474,9435,14,0.5604085945755548,0.5579868708971554,0.888,0.1119999999999999,0.0146341463414634,0.9985183617314002
test_synth4,,2,,,0.95,1,10,0.0,1,17034,22208,46989,13082,72904,131,3509,131,16903,69395,12951,0.0077501035319174,63380,22208,115,7199,9704,16,0.5764353645649877,0.5740992723185233,0.8778625954198473,0.1221374045801526,0.0157232704402515,0.9983539094650206
test_synth1,,2,,,0.95,1,10,1.0,1,17034,7766,46989,6675,18578,148,62,47,16886,18516,6628,0.0087646571124008,17174,7766,12,1791,15095,136,0.8868733121991311,0.8939358048087173,0.081081081081081,0.9189189189189187,0.0066555740432612,0.9910708423609744
test_synth2,,2,,,0.95,1,10,1.0,1,17034,7739,46989,6679,18418,129,75,52,16905,18343,6627,0.0076308784383318,17074,7739,19,1814,15091,110,0.8870494305506634,0.8926944690919846,0.1472868217054263,0.8527131782945736,0.0103655210038188,0.9927636339714492
test_synth3,,2,,,0.95,1,10,1.0,1,17034,7456,46989,6489,17904,128,65,38,16906,17839,6451,0.0075712764698923,16534,7456,10,1737,15169,118,0.8911001526359047,0.897255412279664,0.078125,0.921875,0.0057240984544934,0.9922810230915156
test_synth4,,2,,,0.95,1,10,1.0,1,17034,8193,46989,6908,19793,136,84,57,16898,19709,6851,0.0080482897384305,18328,8193,15,1942,14956,121,0.8788892802630034,0.8850751568232927,0.1102941176470588,0.8897058823529411,0.0076647930505876,0.99197453074219
test_synth1,,2,,,0.95,1,10,0.4,1,17034,15759,46989,10809,43746,133,2273,133,16901,41473,10676,0.0078693568427903,38922,15759,119,4313,12588,14,0.7459786309733474,0.7448079995266552,0.8947368421052632,0.1052631578947368,0.0268501805054151,0.9988890652277416
test_synth2,,2,,,0.95,1,10,0.4,1,17034,17280,46989,11361,49443,127,2263,127,16907,47180,11234,0.0075116815520198,44330,17280,113,4965,11942,14,0.7077022425736762,0.7063346542852074,0.889763779527559,0.1102362204724409,0.0222528554549035,0.9988290398126464
test_synth3,,2,,,0.95,1,10,0.4,1,17034,19470,46989,12140,58473,135,3060,135,16899,55413,12005,0.0079886383809692,52234,19470,114,5917,10982,21,0.65140307620054,0.649860938517072,0.8444444444444444,0.1555555555555555,0.0189023379207428,0.9980914296101064
test_synth4,,2,,,0.95,1,10,0.4,1,17034,18171,46989,11799,53334,141,2442,140,16893,50892,11659,0.0083466524595986,47510,18171,124,5469,11424,17,0.6779382411647293,0.6762564375776949,0.8794326241134752,0.1205673758865247,0.0221705703558018,0.99851411589896
test_synth1,,2,,,0.95,1,10,0.8,1,17034,11798,46989,8978,29813,134,769,125,16900,29044,8853,0.0079289940828402,27182,11798,95,2998,13902,39,0.8217095221322062,0.822603550295858,0.7089552238805971,0.2910447761194029,0.0307145166505011,0.9972024962341296
test_synth2,,2,,,0.95,1,10,0.8,1,17034,12558,46989,9414,33097,143,1021,132,16891,32076,9282,0.0084660470072819,29478,12558,99,3275,13616,44,0.8051543970881766,0.8061097625954651,0.6923076923076923,0.3076923076923077,0.0293420272673384,0.996778916544656
test_synth3,,2,,,0.95,1,10,0.8,1,17034,12534,46989,9344,32034,141,1074,137,16893,30960,9207,0.0083466524595986,29236,12534,110,3195,13698,31,0.8106140659856758,0.8108684070324986,0.7801418439716312,0.2198581560283687,0.0332829046898638,0.9977420059727584
test_synth4,,2,,,0.95,1,10,0.8,1,17034,11782,46989,8906,29536,137,751,124,16897,28785,8782,0.0081079481564774,27130,11782,102,3026,13871,35,0.8203005753199484,0.820914955317512,0.7445255474452555,0.2554744525547445,0.0326086956521739,0.99748310081979
test_synth1,,2,,,0.95,1,10,0.9,1,17034,10081,46989,8125,24984,137,423,116,16897,24561,8009,0.0081079481564774,22868,10081,77,2478,14419,60,0.8510038746037337,0.8533467479434219,0.5620437956204379,0.437956204379562,0.0301369863013698,0.9958560674079702
test_synth2,,2,,,0.95,1,10,0.9,1,17034,9526,46989,7815,23192,136,497,115,16898,22695,7700,0.0080482897384305,21250,9526,81,2304,14594,55,0.86151226957849,0.863652503254823,0.5955882352941176,0.4044117647058823,0.0339622641509433,0.9962454775069972
test_synth3,,2,,,0.95,1,10,0.9,1,17034,9425,46989,7699,22643,132,455,114,16902,22188,7585,0.0078097266595669,20878,9425,72,2270,14632,60,0.8632147469766349,0.8656963672938114,0.5454545454545454,0.4545454545454546,0.0307429547395388,0.9959161448407295
test_synth4,,2,,,0.95,1,10,0.9,1,17034,9734,46989,7846,23674,135,535,121,16899,23139,7725,0.0079886383809692,21730,9734,88,2256,14643,47,0.864799812140425,0.8665009763891355,0.6518518518518519,0.3481481481481481,0.0375426621160409,0.9968005445881551
test_synth1,,1,,,0.0,1,10,0.0,1,24629,39984,483101,17286,103988,198,38493,198,24431,65495,17088,0.00810445745159838,76216,39984,188,54,24377,10,0.9974014373299769,0.9977896934222914,0.9494949494949495,0.0505050505050505,0.7768595041322314,0.9995899454627466
test_synth1,,1,,,0.0,1,10,0.2,1,24629,29257,483101,14998,73428,197,26777,197,24432,46651,14801,0.008063195808775377,53036,29257,186,44,24388,11,0.9977668602054489,0.9981990831696136,0.9441624365482234,0.055837563451776595,0.808695652173913,0.9995491618508955
test_synth1,,1,,,0.0,1,10,0.4,1,24629,22995,483101,13184,74840,195,20498,195,24434,54342,12989,0.007980682655316363,39870,22995,183,38,24396,12,0.9979698729140444,0.9984447900466563,0.9384615384615385,0.06153846153846154,0.8280542986425339,0.9995083579154376
test_synth1,,1,,,0.0,1,10,0.6,1,24629,17390,483101,10771,39098,197,14544,197,24432,24554,10574,0.008063195808775377,28664,17390,179,32,24400,18,0.9979698729140444,0.9986902423051736,0.9086294416243654,0.09137055837563457,0.8483412322274881,0.999262838889344
test_synth1,,1,,,0.0,1,10,0.8,1,24629,11909,483101,8224,36043,198,9184,198,24431,26859,8026,0.00810445745159838,18004,11909,157,42,24389,41,0.9966299890373137,0.9982808726617821,0.7929292929292929,0.20707070707070707,0.7889447236180904,0.9983217355710192
test_synth1,,1,,,0.0,1,10,0.9,1,24629,6134,483101,5260,16144,200,4800,190,24429,11344,5070,0.008186990871505179,9522,6134,50,19,24410,150,0.9931381704494702,0.999222235867207,0.25,0.75,0.7246376811594203,0.9938925081433225
test_synth1,,1,,,0.0,1,10,0.95,1,24629,6134,483101,5260,16144,200,4800,190,24429,11344,5070,0.008186990871505179,9522,6134,50,19,24410,150,0.9931381704494702,0.999222235867207,0.25,0.75,0.7246376811594203,0.9938925081433225
test_synth2,,1,,,0.0,1,10,0.0,1,24629,34491,483101,16451,107147,195,33485,194,24434,73662,16257,0.007980682655316363,64694,34491,182,26,24408,13,0.9984165008729546,0.9989359089792912,0.9333333333333333,0.06666666666666665,0.875,0.9994676712665329
test_synth2,,1,,,0.0,1,10,0.2,1,24629,33845,483101,16073,88800,195,31750,195,24434,57050,15878,0.007980682655316363,62820,33845,184,57,24377,11,0.9972390271631004,0.9976671850699844,0.9435897435897436,0.05641025641025643,0.7634854771784232,0.9995489585041823
test_synth2,,1,,,0.0,1,10,0.4,1,24629,26561,483101,14151,77555,198,23523,197,24431,54032,13954,0.00810445745159838,46380,26561,187,50,24381,11,0.9975232449551342,0.9979534198354549,0.9444444444444444,0.05555555555555558,0.7890295358649789,0.9995490324696622
test_synth2,,1,,,0.0,1,10,0.6,1,24629,18589,483101,11554,46846,197,15826,196,24432,31020,11358,0.008063195808775377,31356,18589,180,42,24390,17,0.9976044500385725,0.9982809430255403,0.9137055837563451,0.08629441624365486,0.8108108108108109,0.9993034785102635
test_synth2,,1,,,0.0,1,10,0.8,1,24629,13131,483101,8664,29574,197,10310,197,24432,19264,8467,0.008063195808775377,20190,13131,154,29,24403,43,0.997076616996224,0.9988130320890635,0.7817258883248731,0.2182741116751269,0.8415300546448088,0.9982410210259347
test_synth2,,1,,,0.0,1,10,0.9,1,24629,6041,483101,4938,13324,196,4650,191,24433,8674,4747,0.008021937543486268,9118,6041,59,13,24420,137,0.9939096187421332,0.9994679327139524,0.3010204081632653,0.6989795918367347,0.8194444444444444,0.9944211426477175
test_synth2,,1,,,0.0,1,10,0.95,1,24629,6041,483101,4938,13324,196,4650,191,24433,8674,4747,0.008021937543486268,9118,6041,59,13,24420,137,0.9939096187421332,0.9994679327139524,0.3010204081632653,0.6989795918367347,0.8194444444444444,0.9944211426477175
test_synth3,,1,,,0.0,1,10,0.0,1,24629,37956,483101,17108,134627,199,37135,199,24430,97492,16909,0.008145722472370037,71860,37956,188,28,24402,11,0.9984165008729546,0.9988538681948425,0.9447236180904522,0.055276381909547756,0.8703703703703703,0.9995494203907754
test_synth3,,1,,,0.0,1,10,0.2,1,24629,29556,483101,15301,78500,199,27253,199,24430,51247,15102,0.008145722472370037,54006,29556,191,41,24389,8,0.9980104754557635,0.9983217355710192,0.9597989949748744,0.04020100502512558,0.8232758620689655,0.9996720908308399
test_synth3,,1,,,0.0,1,10,0.4,1,24629,26387,483101,14224,70457,195,23904,195,24434,46553,14029,0.007980682655316363,46866,26387,180,49,24385,15,0.9974014373299769,0.997994597691741,0.9230769230769231,0.07692307692307687,0.7860262008733624,0.9993852459016394
test_synth3,,1,,,0.0,1,10,0.6,1,24629,19280,483101,11863,48173,197,17263,197,24432,30910,11666,0.008063195808775377,32776,19280,175,38,24394,22,0.9975638474968533,0.9984446627373936,0.8883248730964467,0.1116751269035533,0.8215962441314554,0.9990989515072084
test_synth3,,1,,,0.0,1,10,0.8,1,24629,11587,483101,8187,25127,196,9164,194,24433,15963,7993,0.008021937543486268,17878,11587,160,28,24405,36,0.9974014373299769,0.9988540089223591,0.8163265306122449,0.18367346938775508,0.851063829787234,0.9985270651773659
test_synth3,,1,,,0.0,1,10,0.9,1,24629,7452,483101,5841,19953,197,5865,197,24432,14088,5644,0.008063195808775377,11582,7452,46,18,24414,151,0.9931381704494702,0.9992632612966601,0.233502538071066,0.766497461928934,0.71875,0.9938530429472827
test_synth3,,1,,,0.0,1,10,0.95,1,24629,7452,483101,5841,19953,197,5865,197,24432,14088,5644,0.008063195808775377,11582,7452,46,18,24414,151,0.9931381704494702,0.9992632612966601,0.233502538071066,0.766497461928934,0.71875,0.9938530429472827
test_synth4,,1,,,0.0,1,10,0.0,1,24629,32540,483101,15911,86957,194,30920,194,24435,56037,15717,0.007939431143851034,60922,32540,190,11,24424,4,0.9993909618742133,0.9995498260691631,0.979381443298969,0.020618556701030966,0.945273631840796,0.9998362534796136
test_synth4,,1,,,0.0,1,10,0.2,1,24629,38299,483101,16989,102624,196,36404,195,24433,66220,16794,0.008021937543486268,71254,38299,180,71,24362,16,0.9964675788704372,0.9970940940531249,0.9183673469387755,0.08163265306122447,0.7171314741035857,0.9993436705226023
test_synth4,,1,,,0.0,1,10,0.4,1,24629,24052,483101,13446,60761,198,21224,198,24431,39537,13248,0.00810445745159838,42054,24052,182,45,24386,16,0.9975232449551342,0.9981580778519095,0.9191919191919192,0.08080808080808077,0.801762114537445,0.9993443160396689
test_synth4,,1,,,0.0,1,10,0.6,1,24629,18647,483101,11457,52631,196,16080,196,24433,36551,11261,0.008021937543486268,31136,18647,172,45,24388,24,0.9971984246213813,0.99815822862522,0.8775510204081632,0.12244897959183676,0.7926267281105991,0.9990168769457644
test_synth4,,1,,,0.0,1,10,0.8,1,24629,12913,483101,8605,27269,194,10030,193,24435,17239,8412,0.007939431143851034,19848,12913,156,34,24401,38,0.997076616996224,0.9986085533046859,0.8041237113402062,0.19587628865979378,0.8210526315789474,0.998445108228651
test_synth4,,1,,,0.0,1,10,0.9,1,24629,6700,483101,5343,14296,198,5368,191,24431,8928,5152,0.00810445745159838,10270,6700,61,13,24418,137,0.9939096187421332,0.9994678891572183,0.30808080808080807,0.6919191919191919,0.8243243243243243,0.9944206882508654
test_synth4,,1,,,0.0,1,10,0.95,1,24629,6700,483101,5343,14296,198,5368,191,24431,8928,5152,0.00810445745159838,10270,6700,61,13,24418,137,0.9939096187421332,0.9994678891572183,0.30808080808080807,0.6919191919191919,0.8243243243243243,0.9944206882508654
test_synth5,,1,,,0.0,1,10,0.0,1,24629,38718,483101,17136,96179,198,37267,197,24431,58912,16939,0.00810445745159838,73280,38718,188,35,24396,10,0.99817288562264,0.9985673938848185,0.9494949494949495,0.0505050505050505,0.8430493273542601,0.9995902646890109
test_synth5,,1,,,0.0,1,10,0.2,1,24629,33060,483101,15902,83446,195,30932,194,24434,52514,15708,0.007980682655316363,61204,33060,183,43,24391,12,0.9977668602054489,0.9982401571580585,0.9384615384615385,0.06153846153846154,0.8097345132743363,0.999508257181494
test_synth5,,1,,,0.0,1,10,0.4,1,24629,24745,483101,13642,60038,195,22255,195,24434,37783,13447,0.007980682655316363,44076,24745,184,38,24396,11,0.9980104754557635,0.9984447900466563,0.9435897435897436,0.05641025641025643,0.8288288288288288,0.9995493096242881
test_synth5,,1,,,0.0,1,10,0.6,1,24629,20294,483101,12048,61146,199,17256,197,24430,43890,11851,0.008145722472370037,34082,20294,181,40,24390,18,0.9976450525802916,0.9983626688497749,0.9095477386934674,0.09045226130653261,0.8190045248868778,0.9992625368731564
test_synth5,,1,,,0.0,1,10,0.8,1,24629,12446,483101,8429,37021,199,10194,197,24430,26827,8232,0.008145722472370037,19016,12446,160,39,24391,39,0.9968330017459093,0.9984036021285305,0.8040201005025126,0.1959798994974874,0.8040201005025126,0.9984036021285305
test_synth5,,1,,,0.0,1,10,0.9,1,24629,6877,483101,5581,17876,193,5428,188,24436,12448,5393,0.007898183008675725,10712,6877,59,22,24414,134,0.9936660034918186,0.999099688983467,0.30569948186528495,0.694300518134715,0.7283950617283951,0.9945413068274401
test_synth5,,1,,,0.0,1,10,0.95,1,24629,6877,483101,5581,17876,193,5428,188,24436,12448,5393,0.007898183008675725,10712,6877,59,22,24414,134,0.9936660034918186,0.999099688983467,0.30569948186528495,0.694300518134715,0.7283950617283951,0.9945413068274401
test_synth1,,1,,,0.8,1,10,0.0,1,24443,37081,386606,16866,104866,198,33528,198,24245,71338,16668,0.008166632295318622,72330,37081,186,59,24186,12,0.9970952829030806,0.9975665085584656,0.9393939393939394,0.06060606060606055,0.7591836734693878,0.9995040912472105
test_synth1,,1,,,0.8,1,10,0.2,1,24443,29107,386606,15084,81243,195,24367,195,24248,56876,14889,0.00804190036291653,55066,29107,178,80,24168,17,0.9960315836844904,0.9967007588254702,0.9128205128205128,0.0871794871794872,0.689922480620155,0.9992970849700228
test_synth1,,1,,,0.8,1,10,0.4,1,24443,26318,386606,14239,78578,195,20188,195,24248,58390,14044,0.00804190036291653,48524,26318,182,79,24169,13,0.996236141226527,0.9967419993401517,0.9333333333333333,0.06666666666666665,0.6973180076628352,0.9994624100570673
test_synth1,,1,,,0.8,1,10,0.6,1,24443,18662,386606,11694,46926,195,12666,194,24248,34260,11500,0.00804190036291653,32894,18662,176,74,24174,19,0.9961952297181197,0.9969482019135599,0.9025641025641026,0.09743589743589742,0.704,0.9992146488653743
test_synth1,,1,,,0.8,1,10,0.8,1,24443,12108,386606,8298,24257,196,6203,195,24247,18054,8103,0.0080834742442364,19700,12108,163,57,24190,33,0.9963179642433416,0.9976491937146863,0.8316326530612245,0.16836734693877553,0.740909090909091,0.998637658423812
test_synth1,,1,,,0.8,1,10,0.9,1,24443,6435,386606,5302,12195,197,1711,179,24246,10484,5123,0.008125051554895653,10534,6435,69,31,24215,128,0.9934950701632369,0.9987214385878083,0.350253807106599,0.649746192893401,0.69,0.9947418148954524
test_synth1,,1,,,0.8,1,10,0.95,1,24443,6435,386606,5302,12195,197,1711,179,24246,10484,5123,0.008125051554895653,10534,6435,69,31,24215,128,0.9934950701632369,0.9987214385878083,0.350253807106599,0.649746192893401,0.69,0.9947418148954524
test_synth2,,1,,,0.8,1,10,0.0,1,24443,38434,386606,17060,102251,198,33843,198,24245,68408,16862,0.008166632295318622,75146,38434,186,69,24176,12,0.9966861678190075,0.9971540523819344,0.9393939393939394,0.06060606060606055,0.7294117647058823,0.9995038862245742
test_synth2,,1,,,0.8,1,10,0.2,1,24443,31684,386606,15619,84270,191,26661,191,24252,57609,15428,0.007875639122546595,60352,31684,178,82,24170,13,0.9961134067013051,0.9966188355599538,0.9319371727748691,0.0680628272251309,0.6846153846153846,0.9994624322871438
test_synth2,,1,,,0.8,1,10,0.4,1,24443,25373,386606,14078,62761,195,19695,195,24248,43066,13883,0.00804190036291653,46674,25373,188,80,24168,7,0.9964406987685636,0.9967007588254702,0.9641025641025641,0.03589743589743588,0.7014925373134329,0.9997104446742503
test_synth2,,1,,,0.8,1,10,0.6,1,24443,18794,386606,11677,48045,196,12973,193,24247,35072,11484,0.0080834742442364,32750,18794,172,86,24161,24,0.9954997340751953,0.9964531694642637,0.8775510204081632,0.12244897959183676,0.6666666666666666,0.9990076493694439
test_synth2,,1,,,0.8,1,10,0.8,1,24443,13109,386606,8944,26666,197,6644,196,24246,20022,8748,0.008125051554895653,21264,13109,161,56,24190,36,0.996236141226527,0.9976903406747505,0.817258883248731,0.18274111675126903,0.7419354838709677,0.9985139932304136
test_synth2,,1,,,0.8,1,10,0.9,1,24443,6354,386606,5368,13444,193,1659,179,24250,11785,5189,0.007958762886597939,10426,6354,61,34,24216,132,0.9932086896043857,0.9985979381443298,0.3160621761658031,0.6839378238341969,0.6421052631578947,0.9945786101527846
test_synth2,,1,,,0.8,1,10,0.95,1,24443,6354,386606,5368,13444,193,1659,179,24250,11785,5189,0.007958762886597939,10426,6354,61,34,24216,132,0.9932086896043857,0.9985979381443298,0.3160621761658031,0.6839378238341969,0.6421052631578947,0.9945786101527846
test_synth3,,1,,,0.8,1,10,0.0,1,24443,33470,386606,16076,102306,199,29148,199,24244,73158,15877,0.008208216465929714,64838,33470,188,58,24186,11,0.9971771059198953,0.9976076555023924,0.9447236180904522,0.055276381909547756,0.7642276422764228,0.9995453981898582
test_synth3,,1,,,0.8,1,10,0.2,1,24443,32721,386606,15977,93213,195,27828,195,24248,65385,15782,0.00804190036291653,62548,32721,179,98,24150,16,0.9953360880415661,0.995958429561201,0.9179487179487179,0.08205128205128209,0.6462093862815884,0.9993379127700075
test_synth3,,1,,,0.8,1,10,0.4,1,24443,24169,386606,13700,62871,195,18832,195,24248,44039,13505,0.00804190036291653,44514,24169,182,82,24166,13,0.9961134067013051,0.9966182777961069,0.9333333333333333,0.06666666666666665,0.6893939393939394,0.9994623433558046
test_synth3,,1,,,0.8,1,10,0.6,1,24443,18460,386606,11475,43261,195,12743,194,24248,30518,11281,0.00804190036291653,32336,18460,176,77,24171,19,0.9960724951928978,0.996824480369515,0.9025641025641026,0.09743589743589742,0.6956521739130435,0.9992145514675486
test_synth3,,1,,,0.8,1,10,0.8,1,24443,11241,386606,8193,24288,193,5551,190,24250,18737,8003,0.007958762886597939,18250,11241,155,40,24210,38,0.9968089023442295,0.9983505154639175,0.8031088082901554,0.1968911917098446,0.7948717948717948,0.9984328604420983
test_synth3,,1,,,0.8,1,10,0.9,1,24443,6363,386606,5498,12634,192,1603,176,24251,11031,5322,0.007917199290750897,10518,6363,71,35,24216,121,0.9936178046884588,0.9985567605459569,0.3697916666666667,0.6302083333333333,0.6698113207547169,0.9950281464436865
test_synth3,,1,,,0.8,1,10,0.95,1,24443,6363,386606,5498,12634,192,1603,176,24251,11031,5322,0.007917199290750897,10518,6363,71,35,24216,121,0.9936178046884588,0.9985567605459569,0.3697916666666667,0.6302083333333333,0.6698113207547169,0.9950281464436865
test_synth4,,1,,,0.8,1,10,0.0,1,24443,32407,386606,15784,79013,195,28137,195,24248,50876,15589,0.00804190036291653,62312,32407,185,44,24204,10,0.997790778546005,0.9981854173540086,0.9487179487179487,0.05128205128205132,0.8078602620087336,0.9995870157759974
test_synth4,,1,,,0.8,1,10,0.2,1,24443,31715,386606,15749,104832,193,26560,193,24250,78272,15556,0.007958762886597939,60226,31715,176,90,24160,17,0.9956224686004173,0.9962886597938144,0.9119170984455959,0.08808290155440412,0.6616541353383458,0.9992968523803615
test_synth4,,1,,,0.8,1,10,0.4,1,24443,25046,386606,13803,58656,197,19142,197,24246,39514,13606,0.008125051554895653,45668,25046,186,74,24172,11,0.9965225217853783,0.9969479501773488,0.9441624365482234,0.055837563451776595,0.7153846153846154,0.9995451350121987
test_synth4,,1,,,0.8,1,10,0.6,1,24443,19299,386606,11731,44873,193,13140,191,24250,31733,11540,0.007958762886597939,33744,19299,180,66,24184,13,0.9967679908358221,0.9972783505154639,0.9326424870466321,0.06735751295336789,0.7317073170731707,0.9994627433152871
test_synth4,,1,,,0.8,1,10,0.8,1,24443,12258,386606,8526,29288,197,6355,193,24246,22933,8333,0.008125051554895653,20028,12258,164,59,24187,33,0.996236141226527,0.9975666089251836,0.8324873096446701,0.1675126903553299,0.7354260089686099,0.9986374896779521
test_synth4,,1,,,0.8,1,10,0.9,1,24443,5708,386606,4900,11411,191,1340,172,24252,10071,4728,0.007875639122546595,9546,5708,52,34,24218,139,0.9929223090455345,0.9985980537687613,0.27225130890052357,0.7277486910994764,0.6046511627906976,0.9942932216611241
test_synth4,,1,,,0.8,1,10,0.95,1,24443,5708,386606,4900,11411,191,1340,172,24252,10071,4728,0.007875639122546595,9546,5708,52,34,24218,139,0.9929223090455345,0.9985980537687613,0.27225130890052357,0.7277486910994764,0.6046511627906976,0.9942932216611241
test_synth5,,1,,,0.8,1,10,0.0,1,24443,36796,386606,16762,123107,198,32912,198,24245,90195,16564,0.008166632295318622,71434,36796,184,60,24185,14,0.9969725483778586,0.9975252629408126,0.9292929292929293,0.07070707070707072,0.7540983606557377,0.9994214636968469
test_synth5,,1,,,0.8,1,10,0.2,1,24443,29604,386606,15235,77302,196,24867,194,24247,52435,15041,0.0080834742442364,56272,29604,181,72,24175,15,0.9964406987685636,0.9970305604817091,0.923469387755102,0.07653061224489799,0.7154150197628458,0.9993799090533279
test_synth5,,1,,,0.8,1,10,0.4,1,24443,24272,386606,13586,80580,197,18706,197,24246,61874,13389,0.008125051554895653,44250,24272,184,81,24165,13,0.9961543182097123,0.9966592427616926,0.934010152284264,0.06598984771573602,0.6943396226415094,0.9994623211183721
test_synth5,,1,,,0.8,1,10,0.6,1,24443,18097,386606,11367,39704,196,12387,195,24247,27317,11172,0.0080834742442364,31404,18097,184,63,24184,12,0.9969316368694514,0.9974017404214954,0.9387755102040817,0.061224489795918324,0.7449392712550608,0.9995040502562407
test_synth5,,1,,,0.8,1,10,0.8,1,24443,11282,386606,7989,23971,195,5812,192,24248,18159,7797,0.00804190036291653,18494,11282,149,55,24193,46,0.9958679376508612,0.9977317716925107,0.764102564102564,0.23589743589743595,0.7303921568627451,0.9981022319402616
test_synth5,,1,,,0.8,1,10,0.9,1,24443,7003,386606,5840,13592,196,5841,179,24247,7751,5661,0.0080834742442364,11598,7003,58,30,24217,138,0.9931268665875711,0.9987627335340454,0.29591836734693877,0.7040816326530612,0.6590909090909091,0.9943338123588585
test_synth5,,1,,,0.8,1,10,0.95,1,24443,7003,386606,5840,13592,196,5841,179,24247,7751,5661,0.0080834742442364,11598,7003,58,30,24217,138,0.9931268665875711,0.9987627335340454,0.29591836734693877,0.7040816326530612,0.6590909090909091,0.9943338123588585
test_synth1,,1,,,0.9,1,10,0.0,1,24267,36007,330570,16609,92012,192,28604,192,24075,63408,16417,0.007975077881619937,71590,36007,184,87,23988,8,0.9960852186096345,0.996386292834891,0.9583333333333334,0.04166666666666663,0.6789667896678967,0.9996666111018503
test_synth1,,1,,,0.9,1,10,0.2,1,24267,30245,330570,15434,77882,196,21819,196,24071,56063,15238,0.008142578206140168,58010,30245,183,140,23931,13,0.9936951415502534,0.9941838727098998,0.9336734693877551,0.06632653061224492,0.56656346749226,0.9994570664884731
test_synth1,,1,,,0.9,1,10,0.4,1,24267,21014,330570,12537,46548,195,13708,194,24072,32840,12343,0.008100697906281156,38728,21014,187,91,23981,8,0.9959203857089876,0.9962196743104021,0.958974358974359,0.04102564102564099,0.6726618705035972,0.9996665138188336
test_synth1,,1,,,0.9,1,10,0.6,1,24267,18982,330570,11789,46262,197,11932,195,24070,34330,11594,0.008184461985874532,34028,18982,181,93,23977,16,0.9955083034573701,0.9961362692147901,0.9187817258883249,0.08121827411167515,0.6605839416058394,0.9993331388321594
test_synth1,,1,,,0.9,1,10,0.8,1,24267,10859,330570,7998,26023,196,5166,194,24071,20857,7804,0.008142578206140168,17920,10859,153,65,24006,43,0.9955495116825318,0.9972996551867392,0.7806122448979592,0.21938775510204078,0.7018348623853211,0.9982119838662731
test_synth1,,1,,,0.9,1,10,0.9,1,24267,5395,330570,4767,10954,195,1314,180,24072,9640,4587,0.008100697906281156,9018,5395,51,45,24027,144,0.9922116454444307,0.9981306081754736,0.26153846153846155,0.7384615384615385,0.53125,0.9940424475611269
test_synth1,,1,,,0.9,1,10,0.95,1,24267,5395,330570,4767,10954,195,1314,180,24072,9640,4587,0.008100697906281156,9018,5395,51,45,24027,144,0.9922116454444307,0.9981306081754736,0.26153846153846155,0.7384615384615385,0.53125,0.9940424475611269
test_synth2,,1,,,0.9,1,10,0.0,1,24267,31588,330570,15814,84097,186,26713,186,24081,57384,15628,0.007723931730409867,62104,31588,172,92,23989,14,0.9956319281328553,0.9961795606494747,0.9247311827956989,0.07526881720430112,0.6515151515151515,0.9994167395742198
test_synth2,,1,,,0.9,1,10,0.2,1,24267,29362,330570,15220,74266,196,21750,196,24071,52516,15024,0.008142578206140168,56872,29362,183,122,23949,13,0.9944368896031648,0.9949316605043413,0.9336734693877551,0.06632653061224492,0.6,0.9994574743343627
test_synth2,,1,,,0.9,1,10,0.4,1,24267,22578,330570,13155,57084,192,15620,192,24075,41464,12963,0.007975077881619937,41770,22578,178,114,23961,14,0.994725347179297,0.9952647975077882,0.9270833333333334,0.07291666666666663,0.6095890410958904,0.9994160583941606
test_synth2,,1,,,0.9,1,10,0.6,1,24267,16431,330570,10871,37845,195,10310,194,24072,27535,10677,0.008100697906281156,29348,16431,174,103,23969,21,0.994890180079944,0.9957211698238617,0.8923076923076924,0.10769230769230764,0.628158844765343,0.9991246352646936
test_synth2,,1,,,0.9,1,10,0.8,1,24267,10111,330570,7646,22679,197,4785,195,24070,17894,7451,0.008184461985874532,16828,10111,149,76,23994,48,0.994890180079944,0.9968425425841296,0.7563451776649747,0.24365482233502533,0.6622222222222223,0.9980034938857
test_synth2,,1,,,0.9,1,10,0.9,1,24267,6147,330570,5393,12108,189,1283,165,24078,10825,5228,0.007849489160229255,10538,6147,46,42,24036,143,0.9923764783450777,0.9982556690755046,0.24338624338624337,0.7566137566137566,0.5227272727272727,0.9940857769138509
test_synth2,,1,,,0.9,1,10,0.95,1,24267,6147,330570,5393,12108,189,1283,165,24078,10825,5228,0.007849489160229255,10538,6147,46,42,24036,143,0.9923764783450777,0.9982556690755046,0.24338624338624337,0.7566137566137566,0.5227272727272727,0.9940857769138509
test_synth3,,1,,,0.9,1,10,0.0,1,24267,32783,330570,16087,106809,190,25829,190,24077,80980,15897,0.007891348589940608,64614,32783,177,92,23985,13,0.995673136358017,0.9961789259459235,0.9315789473684211,0.06842105263157894,0.6579925650557621,0.9994582881906826
test_synth3,,1,,,0.9,1,10,0.2,1,24267,26707,330570,14451,69792,196,19668,196,24071,50124,14255,0.008142578206140168,51178,26707,178,102,23969,18,0.995055012980591,0.9957625358314984,0.9081632653061225,0.09183673469387754,0.6357142857142857,0.9992495935298287
test_synth3,,1,,,0.9,1,10,0.4,1,24267,27208,330570,14396,64377,194,19022,194,24073,45355,14202,0.00805882108586383,51266,27208,180,127,23946,14,0.9941896402521944,0.9947243800108004,0.9278350515463918,0.07216494845360821,0.5863192182410424,0.999415692821369
test_synth3,,1,,,0.9,1,10,0.6,1,24267,17901,330570,11446,38130,197,10818,197,24070,27312,11249,0.008184461985874532,31902,17901,180,84,23986,17,0.9958379692586641,0.996510178645617,0.9137055837563451,0.08629441624365486,0.6818181818181818,0.999291755197267
test_synth3,,1,,,0.9,1,10,0.8,1,24267,11863,330570,8612,26695,193,5579,189,24074,21116,8423,0.008016947744454599,20132,11863,158,75,23999,35,0.9954670952322083,0.9968846057987871,0.8186528497409327,0.18134715025906734,0.6781115879828327,0.9985437297162353
test_synth3,,1,,,0.9,1,10,0.9,1,24267,5149,330570,4545,10845,196,4379,161,24071,6466,4384,0.008142578206140168,8616,5149,53,38,24033,143,0.9925413112457246,0.9984213368784014,0.27040816326530615,0.7295918367346939,0.5824175824175825,0.9940850430178689
test_synth3,,1,,,0.9,1,10,0.95,1,24267,5149,330570,4545,10845,196,4379,161,24071,6466,4384,0.008142578206140168,8616,5149,53,38,24033,143,0.9925413112457246,0.9984213368784014,0.27040816326530615,0.7295918367346939,0.5824175824175825,0.9940850430178689
test_synth4,,1,,,0.9,1,10,0.0,1,24267,36697,330570,16686,104024,195,29319,195,24072,74705,16491,0.008100697906281156,73244,36697,184,98,23974,11,0.9955083034573701,0.9959288800265869,0.9435897435897436,0.05641025641025643,0.6524822695035462,0.9995413800291849
test_synth4,,1,,,0.9,1,10,0.2,1,24267,27253,330570,14556,66872,200,19564,199,24067,47308,14357,0.00831013420866747,52150,27253,190,127,23940,10,0.9943544731528413,0.9947230647774962,0.95,0.050000000000000044,0.5993690851735016,0.9995824634655532
test_synth4,,1,,,0.9,1,10,0.4,1,24267,23031,330570,13288,62825,197,15695,196,24070,47130,13092,0.008184461985874532,43178,23031,187,104,23966,10,0.9953022623315614,0.9956792687993353,0.949238578680203,0.050761421319796995,0.6426116838487973,0.999582916249583
test_synth4,,1,,,0.9,1,10,0.6,1,24267,17803,330570,11474,50643,194,10681,191,24073,39962,11283,0.00805882108586383,31938,17803,177,94,23979,17,0.9954258870070466,0.9960952104016948,0.9123711340206185,0.08762886597938147,0.6531365313653137,0.9992915485914319
test_synth4,,1,,,0.9,1,10,0.8,1,24267,12077,330570,8739,28105,194,5478,192,24073,22627,8547,0.00805882108586383,20408,12077,155,70,24003,39,0.9955083034573701,0.997092177958709,0.7989690721649485,0.2010309278350515,0.6888888888888889,0.9983778387821313
test_synth4,,1,,,0.9,1,10,0.9,1,24267,6138,330570,5333,11961,192,1437,174,24075,10524,5159,0.007975077881619937,10378,6138,62,42,24033,130,0.9929121852721803,0.9982554517133957,0.3229166666666667,0.6770833333333333,0.5961538461538461,0.994619873360096
test_synth4,,1,,,0.9,1,10,0.95,1,24267,6138,330570,5333,11961,192,1437,174,24075,10524,5159,0.007975077881619937,10378,6138,62,42,24033,130,0.9929121852721803,0.9982554517133957,0.3229166666666667,0.6770833333333333,0.5961538461538461,0.994619873360096
test_synth5,,1,,,0.9,1,10,0.0,1,24267,37277,330570,16857,104407,197,29174,197,24070,75233,16660,0.008184461985874532,74332,37277,186,118,23952,11,0.9946841389541352,0.9950976319069381,0.9441624365482234,0.055837563451776595,0.6118421052631579,0.9995409589784251
test_synth5,,1,,,0.9,1,10,0.2,1,24267,29361,330570,15235,73941,193,21363,193,24074,52578,15042,0.008016947744454599,56558,29361,172,156,23918,21,0.9927061441463716,0.9935199800614771,0.8911917098445595,0.10880829015544047,0.524390243902439,0.9991227703747023
test_synth5,,1,,,0.9,1,10,0.4,1,24267,21679,330570,12871,53722,193,14646,191,24074,39076,12680,0.008016947744454599,40072,21679,174,106,23968,19,0.9948489718547822,0.9955969095289524,0.9015544041450777,0.0984455958549223,0.6214285714285714,0.9992079042814858
test_synth5,,1,,,0.9,1,10,0.6,1,24267,17660,330570,11425,45382,195,10641,195,24072,34741,11230,0.008100697906281156,31734,17660,173,99,23973,22,0.9950138047554292,0.9958873379860419,0.8871794871794871,0.11282051282051286,0.6360294117647058,0.9990831423213169
test_synth5,,1,,,0.9,1,10,0.8,1,24267,13026,330570,9193,28077,191,6140,185,24076,21937,9008,0.0079332114969264,22024,13026,150,63,24013,41,0.9957143445831788,0.9973832862601761,0.7853403141361257,0.2146596858638743,0.704225352112676,0.9982955017876445
test_synth5,,1,,,0.9,1,10,0.9,1,24267,6276,330570,5530,12694,192,1324,160,24075,11370,5370,0.007975077881619937,10804,6276,70,44,24031,122,0.9931594346231508,0.9981723779854621,0.3645833333333333,0.6354166666666667,0.6140350877192983,0.9949488676354904
test_synth5,,1,,,0.9,1,10,0.95,1,24267,6276,330570,5530,12694,192,1324,160,24075,11370,5370,0.007975077881619937,10804,6276,70,44,24031,122,0.9931594346231508,0.9981723779854621,0.3645833333333333,0.6354166666666667,0.6140350877192983,0.9949488676354904
